<?xml version="1.0" encoding="UTF-8" standalone="yes"?>
<addon id="repository.DJCRAIG" name="[B]Evolution Repository[/B]" version="1.0" provider-name="NDM NEMESIS">
	<extension point="xbmc.addon.repository" name="Evolution repository">
		<info compressed="false">https://nemesis2017hd.000webhostapp.com/Craig/addons.xml</info>
		<checksum>https://nemesis2017hd.000webhostapp.com/Craig/addons.xml.md5</checksum>
		<datadir zip="true">https://nemesis2017hd.000webhostapp.com/Craig/plugin.video.Evolution-1.1.zip</datadir>
	</extension>
	  <extension point="xbmc.addon.metadata">
		<summary lang="en">Evolution Repository</summary>
		<description lang="en">SUBSCRIBE NDM NEMESIS</description>
		<platform>all</platform>
		<forum></forum>
		<website></website>
	  <assets>
		<icon>icon.png</icon>
		<screenshot>resources/screenshots/screenshot1.jpg</screenshot>
		<screenshot>resources/screenshots/screenshot2.jpg</screenshot>
		<screenshot>resources/screenshots/screenshot3.jpg</screenshot>
		<screenshot>resources/screenshots/screenshot4.jpg</screenshot>
		<screenshot>resources/screenshots/screenshot5.jpg</screenshot>
	  </assets>
	  </extension>
</addon>